================================
=  Hungary


Ferencvárosi TC, Budapest
  | Ferencváros | Ferencvaros

Budapest Honvéd FC, Budapest
  | Honvéd | Honvéd Budap. | Honvéd Budapest
  | Budapest Honvéd
  | Budapest Honvéd SE   # champs (7): 1990..1988 (2) 1987...1984 (3) 1980/81 1956/57
  | Kispesti Honvéd      # champs (2): 1993/94 1991/92
# In 1991 renamed Kispest Honvéd FC
# and adopted Budapest Honvéd FC in 2003.

Vasas FC, Budapest
  | Vasas | Vasas Budapest
  | Budapesti Vasas   # champs (6): 1977/78 1968..1966 (2) 1963..1961 (2) 1957/58

MTK Budapest, Budapest
  | MTK | MTK Budapest FC
  | Magyar Testgyakorlók Köre Budapest Futball Club
  | Budapesti Vörös Lobogó    #  champs (1): 1955/56
# In 1955, as Vörös Lobogó SE, they became the first Hungarian team to play in the European Cup

Újpest FC, Budapest
  | Újpest
  | Újpest Dózsa
  | Ú. Dózsa SC | Újpesti Dózsa SC | Újpesti Dózsa Sport Club  # champs (11): 1998/99 1990/91 1980..1978 (2) 1976......1970 (6) 1960/61
  | Újpest TE

Csepel SC, Budapest     # champs (1): 1959/60
  | Csepel FC

Budapesti VSC, 1911,    Budapest (Zugló)
  | Budapesti Vasutas Sport Club


Budafoki MTE,  1912,   Budapest (Budafok)
  | BMTE | Budafoki Munkás Testedző Egyesület



Vác FC,   Vác
  | Dunakanyar-Vác   # champs (1): 1994/95
  | Dunakanyar-Vác FC
  | Váci FC

Dunaújváros FC (1952-2009),  Dunaújváros
  | Dunaújváros  # champs (1): 2000/01
  | Dunaferr SE



Videoton FC
  | Videoton      # champs (2): 2015/16 2011/12
  | Videoton Fehérvár
  | Fehérvár | Fehérvár FC
  | Vidi | MOL Vidi | MOL Fehérvár FC


Debreceni VSC
  | Debrecen
  | DVSC Debrecen

Győri ETO FC, 1904,     Győr
  | Győr | Győri ETO     # champs (2): 2013/14 1964/65
  | Rába ETO Győr        # champs (2): 1984..1982 (2)
  | ETO Győr | ETO FC Győr
  | Egyetértés Torna Osztály Futball Club Győr
  | Gyori ETO       ## FIX: auto-add variant!!!
  | Raba ETO Gyor   ## FIX: auto-add variant!!!
  | ETO Györ        ## fix: auto-add variant!!!

Paksi SE
  | Paks | Paksi FC
Kecskeméti TE
  | Kecskemét

Szombathelyi Haladás
  | Haladás
Zalaegerszegi TE
  | Zalaegerszeg


Diósgyőri VTK,  1910, Miskolc (Diósgyőr)
  | Diósgyőr
  | Diósgyöri VTK
  | Diósgyőr-Vasgyári Testgyakorlók Köre
  | Diósgyöri Miskolc
  | Diósgyör
  | Diósgyör VTK

Mezőkövesd Zsóry SE
  | Mezőkövesd | Mezőkövesd-Zsóry
  | Mezőkövesd Zsóry S

Puskás Akadémia FC
  | Puskás | Puskás FC
  | Puskás Akadémi

Kaposvári Rákóczi FC
  | Rákóczi | Kaposvári Rákóczi

Salgótarjáni BTC,  1920,  Salgótarján
 | Salgótarjáni Barátok Torna Club
 | Salgótarján BTC

Pécsi MFC, 1950,   Pécs
  | PMFC | Pécsi Mecsek FC | Pécsi Mecsek Football Club
  | MSC Pécs
  | Pécsi Dózsa | Pécsi Dózsa Sport Club
# name history:
#  1950: Pécs (Pécsi Dózsa Sport Club)
#  1956: Pécs (Pécs Baranya)
#  1957: Pécs (Pécsi Dózsa Sport Club)
#  1973: Pécs (Pécsi Munkás Sport Club) amalgamation with Pécsi Bányász SC, Pécsi Ércbányász SC, Pécsi Helyiipar SK and Pécsi Építők --> PMSC
#  1995: Pécs (Pécsi Mecsek Futball Club)


FC Sopron (1921-2008),  Sopron


Békéscsaba 1912 Előre, 1912,  Békéscsaba
  | Békéscsaba | Békéscsaba Előre
  | Békéscsaba 1912 Előre SE
  | Békéscsabai Előre
  | Bekescsabai Elore   ## todo/fix: auto-add variant!!!
  | Békéscsabai Előre FC | Békéscsabai EFC

Pápai FC (1995-2015),  Pápa
  | Pápa | Lombard Pápa TFC


FC Tatabánya, 1910,   Tatabánya
  | Tatabánya | Tatabánya FC


BFC Siófok, 1921,    Siófok
  | Siófok | Bodajk FC Siófok
  | Siófoki Bányász
# The word Bodajk in the club's name stems from a merger
#   with Bodajk FC in 2005.


Komlói Bányász SK,   1922,   Komló
  | Komlói Bányász | Komlói Bányász Sport Klub

Kisvárda FC,  Kisvárda
  | Kisvárda | Kisvárda Futball Club
  | Varda | Varda SE

